Tenant ID,Tenant Name,Contact Details,Lease Start Date,Lease End Date
9611,Kimberly Delacruz MD,jill88@example.com,2023-07-27,2025-08-21
9946,James Pace,derekwashington@example.net,2021-12-29,2024-08-25
4904,Crystal Jones,zmunoz@example.org,2023-08-26,2023-09-23
1694,Susan Sullivan,xcraig@example.com,2023-01-27,2025-07-23
2522,Steven Cook,nicholasgreen@example.net,2022-06-04,2024-05-20
7610,Dawn Reilly,james85@example.net,2022-11-24,2025-04-26
3242,Alyssa Alvarez,baileylowe@example.com,2022-06-05,2023-09-22
2460,Abigail Myers,gentrybarry@example.com,2023-04-28,2024-02-15
2697,Charles Sullivan,beckerronald@example.net,2023-02-27,2025-08-22
4105,Bryce Arnold,wfernandez@example.com,2022-12-24,2025-08-26
1946,Kristine Romero,scottruben@example.org,2022-04-17,2025-09-17
7157,Gary Hernandez,sarah05@example.net,2022-01-28,2023-09-29
1762,Robert Thomas,jochoa@example.net,2022-09-08,2023-09-24
1052,Adrian Hill,nhickman@example.net,2023-04-16,2024-12-26
9564,Douglas Burnett,yrobinson@example.org,2023-08-17,2025-05-18
9154,Susan Johnson,dunnjoshua@example.org,2022-08-13,2023-10-23
8446,Stephanie Cooper,justin74@example.com,2023-08-29,2025-01-25
7449,Elizabeth Wright,jenniferholloway@example.org,2022-03-31,2024-09-01
8910,Mr. Brian Smith MD,joseph68@example.net,2021-11-10,2024-11-14
8711,Jacob Martin,lorivargas@example.com,2023-06-22,2024-04-21
9636,Eric Patrick,zburgess@example.com,2022-06-15,2024-01-09
9760,Melanie Williams,hannah82@example.org,2023-03-31,2025-05-19
8588,Raymond Jefferson,bfarmer@example.org,2023-06-15,2025-01-16
5514,Erin Glass,ramosbrent@example.org,2023-02-07,2025-03-13
5520,Lisa Woodard,qwilliams@example.net,2022-12-02,2025-06-18
6236,Tyrone Oconnor,butlerzachary@example.net,2022-07-10,2024-08-27
8228,Michael Lloyd,dianagood@example.org,2022-12-09,2025-04-10
9255,Thomas Klein,watsondawn@example.com,2022-11-05,2024-01-07
6343,Kathryn Torres,reedangela@example.org,2022-04-10,2023-11-14
1316,Joshua Jefferson,angeladams@example.org,2022-01-04,2025-01-03
3416,David Dixon,cookrebecca@example.com,2021-10-07,2024-03-16
9050,Alex Cox,amy00@example.net,2021-12-23,2025-02-18
8409,Jack Lee,tonymorales@example.org,2023-04-14,2024-04-07
8201,John Petersen,yrichards@example.org,2023-05-25,2025-05-14
6452,Derek Ramirez,kelseyramsey@example.com,2023-08-03,2024-04-24
6549,Christine Rodriguez,esalinas@example.net,2022-03-27,2024-08-07
2265,Anna Moreno,darrell34@example.com,2021-09-19,2024-01-09
5213,William Brown,samantha13@example.com,2023-07-23,2023-11-11
9673,Melissa Ward,willienguyen@example.net,2023-06-07,2024-03-17
1175,Carl Carter,paul87@example.com,2023-01-09,2025-07-09
7694,Kelly Reeves,jking@example.org,2022-09-24,2024-03-14
6991,Brittney Freeman,basscarla@example.net,2023-08-25,2024-04-02
2684,Jeffrey Tucker,thomasstrong@example.com,2022-04-24,2025-01-25
5312,Richard Wilson,laura96@example.com,2022-12-18,2025-07-06
3054,Taylor Frank,michaelhill@example.com,2022-08-09,2024-09-23
7446,Paige Dixon,eclarke@example.com,2022-04-30,2024-01-11
7919,Ashley Garza,lisa90@example.net,2022-04-23,2025-01-22
9734,Bradley Lee,vmeyer@example.com,2022-11-03,2024-12-15
6159,Claudia Adams,heatherjones@example.net,2021-11-20,2024-04-16
3772,Carolyn Washington,nmeza@example.net,2022-11-22,2025-03-21
2002,William Pugh,mackenzie01@example.net,2023-03-23,2024-08-09
4804,Joshua Castaneda,perezdenise@example.net,2022-11-20,2025-01-30
2809,Brandon French,crobinson@example.com,2022-04-18,2025-08-31
3253,Shelby Carter,moorejennifer@example.org,2023-04-06,2024-06-19
8521,Yvonne Davis,muellermadison@example.net,2022-01-22,2025-08-02
3796,Connie Patton,gonzalezchristine@example.net,2023-03-11,2024-07-16
9548,Laura Johnson,cnewman@example.net,2023-07-07,2023-10-31
8181,Danny Coleman,holtjeffrey@example.org,2022-08-21,2024-08-05
2348,James Walker,dustin15@example.org,2022-02-01,2025-06-23
3866,Reginald Galloway,samantha34@example.com,2022-12-05,2024-11-17
3722,Shane Garcia,joshuahardin@example.net,2022-08-24,2024-05-05
2746,Robert Terry,katherine26@example.org,2022-07-30,2024-06-23
2086,Andrea Davis MD,sanchezsusan@example.net,2022-09-13,2024-01-10
3640,Michael Holt,joangregory@example.org,2022-10-24,2024-03-24
6129,Sherry Casey,ryancooper@example.com,2022-10-29,2025-04-17
8741,John Alvarez,gamblekyle@example.net,2022-05-15,2023-09-22
5322,Samuel Shaw,ronaldsalazar@example.net,2023-01-25,2024-09-29
3048,George Powell,josephrojas@example.com,2022-09-26,2023-10-21
2685,Antonio Allen,johnsonrussell@example.net,2022-03-31,2024-11-17
8322,James Graham,andersonjustin@example.com,2022-05-16,2025-05-13
7164,Spencer Barton,keithjennifer@example.net,2023-08-31,2025-09-17
5757,Jorge Frazier,norrisjason@example.com,2022-09-06,2024-10-12
5761,Matthew Trevino,qnewton@example.com,2023-05-27,2025-06-05
9392,David Miller,david60@example.com,2022-04-20,2024-09-24
4447,David Martinez,danielle23@example.com,2022-06-28,2024-02-18
2548,Jason Howell,mfischer@example.org,2022-01-18,2025-04-16
1077,Nancy Smith,montgomeryemily@example.net,2023-03-05,2025-08-10
2008,Andre Stewart,urivera@example.net,2022-04-09,2025-03-24
4564,Melissa Hill,teresa79@example.net,2021-12-19,2025-03-05
1422,James Dixon,tiffanyrichard@example.com,2022-08-14,2023-10-09
3163,Joseph Drake,wheelerjessica@example.net,2022-09-30,2024-04-13
9218,Taylor Jackson,timothycabrera@example.com,2022-05-17,2025-04-21
4840,Anthony Horton,ohoward@example.com,2022-02-09,2024-04-14
2583,Jason Bishop,george12@example.org,2023-02-10,2023-12-15
6659,Sharon Castaneda,andreatorres@example.net,2022-01-25,2025-03-27
1847,Jonathan Santana,utaylor@example.net,2022-06-05,2025-06-23
3097,Julian Norton,barrettkathy@example.org,2021-12-10,2025-08-20
7913,Ryan Johnson,pdavis@example.net,2023-08-02,2025-06-11
3324,Desiree Baxter,charlesacosta@example.org,2023-06-26,2024-10-04
7739,Sherry Mcpherson,davidbaker@example.net,2022-06-11,2024-02-06
9726,Nicole Hall,floresvalerie@example.com,2021-10-27,2024-11-29
4748,Tracey Jones,hgarcia@example.org,2022-10-27,2025-07-31
3601,Luis Mccormick,paula47@example.net,2023-09-05,2025-07-07
3488,Andrew Taylor,kpruitt@example.com,2022-06-08,2024-12-26
4658,Francisco Gordon,sean71@example.org,2022-12-05,2024-06-03
2690,Jason Barnes,cyoung@example.org,2022-09-28,2024-10-18
3631,Nathaniel Hanson,kelsey18@example.net,2022-02-05,2023-12-14
3811,Derek Robinson,wademichael@example.org,2022-05-12,2024-12-06
5490,David Perez,wandataylor@example.com,2023-08-25,2023-11-14
4352,Leonard Cross,elong@example.org,2022-11-22,2024-11-22
6489,Karen Erickson,teresa61@example.org,2022-05-07,2025-06-21
7189,Kyle Wiley,taylor34@example.com,2022-03-03,2024-06-14
7167,Kyle Smith,woodheather@example.net,2023-03-03,2024-12-31
2387,Lee Buckley,lisa44@example.net,2023-07-06,2023-09-22
6007,Stephen Baker,scott29@example.com,2021-12-21,2024-03-10
6259,Marcus Reyes,qmiller@example.net,2021-10-03,2024-11-28
3230,Michael Figueroa,zacharylowe@example.com,2022-02-16,2025-07-28
7698,Tammy Spence,david45@example.net,2022-06-22,2025-02-01
2133,John Harris,andersonjoel@example.com,2023-01-10,2023-09-22
7960,Bridget Young,nsullivan@example.com,2022-04-14,2025-03-28
3807,Jay Chung,qsmith@example.net,2022-04-24,2024-02-16
9459,William Hall,albertwalker@example.org,2021-12-09,2024-12-19
1989,Geoffrey Cannon,hayesjack@example.org,2022-06-21,2024-11-06
3853,Robert Rodriguez,dwang@example.org,2022-02-05,2025-06-11
1652,Cynthia Hanson,gjohnson@example.org,2022-05-12,2024-08-07
2336,Andrea Baxter,lorettaforbes@example.com,2022-04-19,2024-06-09
2808,Edward White,wmercado@example.net,2023-03-04,2024-02-12
3333,Patrick Skinner,iphillips@example.com,2021-12-25,2025-01-02
6809,Margaret Combs,briana36@example.com,2023-01-05,2025-07-15
8169,Taylor Valdez,dunnnicholas@example.net,2021-11-27,2024-02-08
6771,Ryan Johnson,kenneth54@example.net,2023-08-21,2023-11-14
6884,Thomas Orozco,rbarber@example.net,2021-11-12,2024-11-30
2524,Ian Dixon,benjamin63@example.com,2022-11-23,2024-06-27
9826,Tabitha Phillips,pearsonbrian@example.com,2021-12-11,2023-12-19
7023,Jason Sims,sherri99@example.com,2022-09-08,2025-07-20
3196,Daniel Cannon,mckaytroy@example.org,2022-01-23,2025-08-15
9102,Stephanie Bush,theresa97@example.com,2022-09-12,2023-12-26
5050,Hannah Gomez,hroberts@example.com,2022-11-26,2024-04-30
3211,Billy Mitchell,martincrystal@example.com,2022-01-27,2023-10-23
7056,Wayne Pitts,april51@example.net,2022-02-21,2024-03-16
7740,Janice Watts,alan84@example.com,2022-10-02,2024-08-15
5465,Steven Walter,robertthomas@example.net,2021-11-24,2024-06-11
5733,Kimberly Johnson,mary92@example.org,2022-09-05,2024-04-29
7946,Sophia Smith,gillespiebrittany@example.com,2023-03-08,2024-05-08
5059,Sara Black,erica87@example.com,2023-05-24,2025-03-21
2295,Travis Villegas,tina57@example.org,2023-02-13,2025-06-18
8686,Ann Williams,mary41@example.net,2023-02-15,2025-01-23
2864,Jennifer Jackson,robert98@example.org,2022-08-21,2024-12-27
3987,Christine Mejia,robertalexander@example.com,2022-05-31,2024-09-26
6245,Michael Williams,melissacampbell@example.org,2021-12-31,2025-01-02
6949,Ashley Spencer,peterbrown@example.com,2021-10-02,2024-02-05
5049,John Hall,angela53@example.com,2023-01-07,2025-03-26
1068,Rebecca Simpson,daniel31@example.net,2023-07-07,2024-07-29
4594,Ann Reynolds,jacquelinepoole@example.org,2023-01-12,2024-11-27
1084,Samantha Smith,thompsonrobert@example.com,2023-01-03,2024-09-10
5434,Ruth Brown,sandraclark@example.org,2023-01-05,2023-11-23
6488,Jessica Jones,ysweeney@example.org,2022-07-07,2023-11-29
1666,Elizabeth Lucas,xpaul@example.org,2022-06-01,2025-02-14
5228,Ashley White,charlesrocha@example.net,2023-09-16,2024-01-29
5088,Lauren Washington,arroyojasmine@example.net,2023-08-25,2025-03-03
1430,Christopher Dalton,bgomez@example.com,2022-08-03,2024-06-14
5839,Richard Wagner,miguelallen@example.org,2022-07-15,2025-08-27
2181,Michael Turner,sean18@example.org,2022-02-25,2024-07-24
9518,Natalie Gardner,whitney89@example.net,2023-04-15,2023-12-29
8162,Andrew Jordan,pcole@example.com,2022-07-27,2024-11-30
6051,Tyler Howard,parkerkristen@example.com,2023-05-30,2024-01-13
5175,Randy Carlson,longanthony@example.com,2022-09-22,2024-02-11
6759,Timothy Brooks,teresamurphy@example.net,2022-04-24,2024-04-09
3395,Jordan Fernandez,pedro33@example.org,2023-01-17,2023-11-04
6044,Nancy Moore,sherriwillis@example.com,2022-10-11,2025-05-05
3530,Julie Brown,kcannon@example.com,2022-04-12,2024-08-06
5853,Julie Williams,qpena@example.com,2022-06-24,2024-10-28
2936,Lisa Taylor,johnwong@example.org,2022-05-20,2025-02-11
4775,Brenda Lewis,uford@example.org,2023-05-23,2024-10-29
7678,Anthony Reed,farrellmichelle@example.org,2022-04-07,2025-04-08
9605,Rodney Garcia,phillipherrera@example.org,2022-05-29,2024-02-28
6644,Gina Jennings,christopher65@example.com,2022-07-26,2024-09-17
6787,Steven Copeland,travis55@example.com,2023-03-04,2025-03-25
8864,Mary Miller,joshuamorris@example.com,2023-05-27,2024-10-27
6377,Andrew Cannon,mary00@example.net,2023-08-05,2024-04-15
3115,Brooke Lopez,wilsontaylor@example.com,2023-06-16,2024-06-13
3930,David Sherman,kevinfleming@example.net,2021-10-02,2023-12-30
3265,Amanda Barry,troymanning@example.net,2021-10-21,2025-02-27
5019,Lucas Martinez,chapmanmorgan@example.com,2022-09-24,2025-05-09
9914,Greg Clements,xlong@example.com,2022-02-08,2024-03-13
2334,Ricardo Ryan,sydney22@example.org,2022-08-04,2025-02-05
7927,Lori Mullins,elizabeth27@example.org,2021-10-17,2025-06-08
1669,Jessica Love,nicole76@example.com,2021-10-04,2024-07-22
8163,Melissa Morris,tina66@example.com,2023-06-28,2025-05-08
8074,Belinda Booth,sharon25@example.org,2023-05-22,2024-08-30
3555,Shannon Gardner,deanjennifer@example.com,2022-03-12,2025-02-08
9200,Sarah Frazier,hstone@example.com,2022-02-06,2024-05-28
5635,Carmen Mann,jenniferbell@example.com,2023-03-18,2023-10-31
3814,Laurie Morrison,valeriedaniels@example.net,2021-12-18,2024-04-18
7786,Russell Flynn,wilsonjoel@example.org,2022-01-29,2023-12-03
2438,Richard Johnson,rallen@example.net,2023-01-01,2024-08-31
4348,Melissa Schaefer,kristen36@example.net,2022-11-04,2024-10-13
1607,Kathy Hunter,tiffanygonzalez@example.com,2023-08-26,2024-04-30
4031,John Coleman,millerkelly@example.net,2023-03-20,2025-08-26
3713,Jimmy Phillips,heather92@example.net,2022-09-09,2025-05-26
8070,Stacey Cooley,csparks@example.org,2022-06-13,2025-08-12
1452,Robert Kelly,qcollins@example.net,2023-06-07,2025-06-13
7717,Crystal Yates,sydneyreilly@example.net,2021-11-19,2023-11-26
7893,Justin Carroll,jennifer62@example.org,2022-03-09,2024-07-12
5686,Kirk Alvarez,jeffersonmaria@example.org,2022-06-09,2023-12-12
9814,Travis Salas,christopher15@example.net,2022-05-12,2023-10-20
4693,Danielle Lambert,gravesjim@example.com,2023-05-06,2024-05-19
2616,Anthony Allen,awhitney@example.net,2021-11-02,2024-02-03
3422,Warren Mcdonald,anne32@example.net,2023-07-08,2025-07-24
9718,Brian Cruz,margaretkrause@example.net,2022-12-11,2024-08-24
3812,Aaron Mueller,brandonanderson@example.net,2023-08-10,2024-07-15
5172,Paul Powell,serickson@example.net,2022-07-18,2025-08-11
9095,Vanessa King,srichard@example.org,2023-02-12,2024-08-09
1400,Jennifer Thompson,bgomez@example.com,2022-08-20,2024-06-04
4938,Jessica Becker,llittle@example.com,2022-07-13,2024-07-08
3838,Shelby Wallace,tgarrison@example.net,2022-09-23,2025-01-19
2547,Gregory King,wayneharris@example.com,2023-04-09,2025-03-30
9277,Megan Simon,reedvalerie@example.org,2021-10-29,2023-11-09
3518,Alexis Howell,willissheri@example.org,2022-10-20,2023-09-26
3213,Victoria Vaughn,hallen@example.com,2021-11-10,2025-02-09
2386,John Bass,jjohnson@example.net,2021-11-21,2025-07-16
8097,Michael Mcdonald,parkernicholas@example.net,2022-12-31,2024-12-01
4485,Aaron Brooks MD,juan01@example.net,2023-08-19,2025-05-02
3888,Raymond Kim,tgilbert@example.org,2023-05-22,2024-10-16
5768,Robert Williams,jennifer05@example.net,2023-06-05,2024-06-25
1331,Karen Watson,brendacantrell@example.com,2022-05-07,2023-10-17
5998,Vicki Phillips,kellyrebecca@example.net,2022-12-01,2025-02-23
7980,Ruth Hamilton,patrickbecker@example.net,2023-06-08,2024-05-22
4569,Megan Martin,rodgersjason@example.com,2022-10-22,2024-04-27
8277,Rhonda Olson,valerie89@example.org,2022-07-06,2024-11-01
1920,Kimberly Stephens,jenna40@example.com,2023-06-25,2025-04-20
5437,Derrick Clay,markyoung@example.com,2021-10-16,2024-04-15
4732,Emily White,melissa89@example.org,2021-09-30,2023-09-29
5904,Kelsey Farmer,sharris@example.com,2023-03-04,2025-03-17
7999,Lynn Kerr,marie44@example.com,2023-04-18,2024-06-04
3876,Susan Rodriguez,kimberlycampbell@example.com,2021-10-27,2024-12-09
2559,Leslie Jones,robertstephens@example.com,2022-12-09,2025-08-15
3223,Heather Morgan,amandahunt@example.com,2022-01-13,2025-01-10
7591,Lori Sanders,jessica09@example.net,2021-09-28,2025-06-21
8053,Katelyn Pierce,thompsoncatherine@example.com,2022-05-02,2024-01-08
9816,Jennifer Fox,guerreroamanda@example.org,2022-11-01,2025-05-21
2792,Dr. Mary Murphy,benjaminwilson@example.org,2022-07-07,2025-02-27
4437,Laura Brown,joshuagomez@example.com,2022-11-19,2024-09-12
8540,Jessica Roberts,wsoto@example.org,2022-02-03,2025-02-09
8104,Ryan Deleon,qmorgan@example.com,2021-12-09,2025-07-21
2337,David Ramos,earlsmith@example.org,2023-09-10,2024-03-15
6013,Sarah Richardson,bchurch@example.net,2023-08-28,2024-02-03
2233,Wanda Brown,barberaimee@example.org,2022-03-24,2024-03-13
7225,Kathleen Garcia,wsheppard@example.org,2022-11-28,2024-05-17
4138,Noah Lewis,eric57@example.org,2023-04-07,2023-10-26
9054,Shawn Johnston,usmith@example.org,2022-09-17,2025-06-18
2610,Elizabeth Rojas,joshuathomas@example.org,2022-10-26,2024-09-21
5873,Matthew Davis,michaelmartinez@example.net,2022-02-27,2025-02-10
6569,Tamara Santiago,jeffrey25@example.com,2022-05-09,2025-02-22
7057,Kimberly Hardy,hamptonbrandon@example.org,2021-10-18,2024-04-25
4032,Cody Johnson,corey63@example.com,2023-08-01,2024-08-21
7517,Timothy Kramer,ojensen@example.org,2022-08-23,2024-04-17
6984,Jennifer Freeman,codyjennings@example.com,2021-10-13,2025-02-15
9955,Audrey Cunningham,janet17@example.net,2022-01-11,2024-05-07
9361,Melissa Meyer,leonfox@example.com,2022-10-30,2025-01-27
1635,Melissa Gordon,fmitchell@example.net,2023-07-08,2024-07-01
1235,Laura Wright,ricardocummings@example.org,2023-09-01,2024-04-18
2171,Mr. Luis Rodriguez,olsonfelicia@example.org,2023-03-01,2024-05-07
8766,Janice Stout,angela94@example.com,2022-04-18,2025-05-21
5536,Tina Campbell,josewatson@example.org,2021-11-07,2025-04-17
8803,Michael Odom,susan89@example.org,2021-12-18,2025-06-21
4187,Tiffany Miller,taylornancy@example.org,2021-10-04,2025-06-09
9114,Raymond Smith DVM,chadhubbard@example.org,2022-04-28,2023-10-17
2247,Dawn Bailey,christopher85@example.org,2022-12-15,2024-10-24
4029,Michelle Martin,anthonymoore@example.org,2023-05-19,2024-08-23
2863,Christopher Johnson,whiteteresa@example.net,2022-04-23,2025-07-28
3890,Kathryn Yu,sheapreston@example.org,2022-10-22,2024-03-01
4617,Mrs. Jill Rodriguez DDS,sharris@example.org,2022-09-07,2024-05-21
3604,Robert Torres,grossfelicia@example.net,2021-10-19,2024-01-23
9171,Oscar Ortiz,elizabethhampton@example.org,2022-08-01,2024-04-01
2872,Daniel Nichols,amy34@example.org,2023-06-03,2025-08-17
1803,Alisha Lopez,kschmidt@example.com,2022-01-30,2025-05-11
2566,Michael Green,rodriguezmitchell@example.com,2022-03-16,2025-07-22
7586,Alex White,cynthia84@example.org,2023-07-02,2023-12-28
8586,Diamond Fernandez,heather72@example.com,2021-10-20,2023-12-30
2710,Patricia Fuller,tyler49@example.com,2021-12-04,2025-02-05
4527,Robert Parker,perezangelica@example.com,2021-11-02,2024-03-18
2031,Erica Saunders,diazjohn@example.org,2022-07-24,2024-04-26
2122,Meghan Hayden,wilsonpaul@example.org,2021-10-13,2023-11-03
3374,Catherine Lopez,escott@example.com,2023-04-27,2023-10-12
9967,Brian Cummings,kirkjacqueline@example.net,2022-08-04,2025-08-08
5687,Jenna Knight,vperry@example.org,2022-11-24,2023-12-10
2993,Luis Jennings,spencerphillip@example.com,2023-04-06,2024-06-27
3483,Alexis Roberts,tnelson@example.net,2021-12-03,2024-05-07
2453,Dawn Choi,charles09@example.org,2022-08-03,2024-04-03
4147,Robin Hardin,lindarodriguez@example.net,2021-12-28,2023-09-25
8214,Corey Valdez,emiller@example.com,2023-05-13,2024-08-25
2658,Hannah Rodriguez,amanda55@example.net,2023-08-21,2024-05-20
6998,Martin Jackson,patriciajenkins@example.net,2023-09-04,2024-06-19
8852,Kelsey Valdez,emilycrane@example.net,2023-09-10,2025-07-28
5809,Leslie Little,christopherhernandez@example.org,2022-04-23,2023-10-24
8250,William Davis,bsmith@example.com,2021-10-02,2025-09-10
8970,Kaitlyn Colon,beckerpaul@example.net,2023-02-09,2024-12-26
6873,Michelle Rogers,joanne52@example.org,2023-04-30,2024-08-14
7069,Susan Hanson,theodorepotter@example.com,2023-01-06,2025-04-11
6552,Jennifer Smith,tmorris@example.net,2023-08-12,2024-03-10
9155,Jordan Li,madisonwilliams@example.net,2023-08-26,2024-06-25
1019,Jonathan Cruz,anthony47@example.org,2023-03-07,2024-03-03
6055,Barbara Nelson,xroberts@example.net,2022-08-05,2025-06-07
8913,Wanda Pena,schmidtmichaela@example.net,2021-11-06,2023-11-15
6708,James Graham,ochurch@example.org,2021-09-29,2025-06-16
4965,Steven Conrad,frederickrobinson@example.org,2022-12-14,2024-07-04
2329,Brian Schultz,kara49@example.net,2022-10-15,2025-07-25
4047,Joshua Lee,mcole@example.com,2022-08-15,2024-12-09
2791,Lisa Yoder,katie04@example.net,2022-12-04,2024-03-04
1752,Christopher Johnson,lindarivera@example.net,2022-04-18,2024-04-14
4592,Casey Lane,ukelley@example.org,2023-02-04,2023-12-19
3855,Michael Stewart,terri05@example.com,2022-08-15,2025-03-20
4443,Charles Hampton,annerivera@example.org,2022-08-23,2024-09-15
3621,Brian Howell,oreed@example.net,2022-11-12,2025-08-04
3654,Daniel Hill,jenniferjones@example.net,2022-04-24,2024-02-08
1272,Stephanie Wise,lewistaylor@example.net,2021-10-30,2024-10-30
8840,Jason Young,conniemercado@example.com,2022-08-11,2025-09-02
2672,Alison Welch,anthonylogan@example.net,2023-03-19,2023-10-07
9360,Christian Fields,tgarcia@example.com,2022-12-13,2025-06-26
4325,Beth Pena,sthompson@example.org,2022-08-26,2024-12-03
6622,Brandon Gonzalez,laura14@example.org,2022-01-22,2024-02-12
7391,Kayla Mueller,brooke82@example.org,2022-10-11,2024-04-12
2104,David Becker,kellycynthia@example.org,2022-11-17,2024-06-05
6068,Brenda Gomez,johnhernandez@example.net,2021-10-16,2024-06-17
7273,Louis Jackson,michellehouse@example.com,2022-12-24,2024-11-01
3934,Zachary Cannon,heatherwall@example.com,2022-03-08,2025-03-14
2761,William Rogers,ericlawrence@example.com,2022-01-26,2024-10-19
3285,Tonya Martinez,john52@example.com,2022-06-27,2025-05-05
4946,Thomas Wilson,panderson@example.org,2021-11-14,2025-07-14
1372,Brianna Miles,williamcarey@example.net,2022-07-05,2025-04-10
4131,Cheryl Murphy,tatetiffany@example.net,2021-11-28,2025-08-15
8925,Shawn Herman,sullivandonna@example.com,2022-04-07,2024-12-25
7103,Thomas Hanson,jrobinson@example.com,2021-12-06,2025-01-31
3258,Devin Marks,robin75@example.org,2023-02-09,2025-04-01
5557,Derek Ward,nfoster@example.org,2021-09-18,2024-02-07
5275,Douglas Roth,xcoleman@example.org,2022-05-23,2025-06-08
6842,Jennifer Benitez,vlawson@example.org,2022-03-06,2024-10-16
6520,Martin Miles,phernandez@example.com,2023-07-25,2024-06-25
2807,Frank Tran,todd71@example.net,2022-11-25,2025-04-01
9473,Melissa Reese,christopher56@example.net,2023-06-21,2025-07-06
3572,David Bowman,aimeestrickland@example.com,2023-04-30,2025-02-23
4795,Monica Ward,amanda05@example.net,2023-04-14,2025-04-09
6253,Taylor Ortega,delgadoangelica@example.net,2023-02-01,2024-12-17
3328,Craig Klein,robertaperry@example.net,2022-10-07,2024-03-28
9427,Rodney Evans,zsampson@example.org,2022-06-03,2024-05-17
6115,Lauren Perez,sanderstom@example.net,2023-07-30,2023-11-17
2483,Brett Reyes,christopher28@example.net,2023-05-13,2025-06-02
3634,Kelsey Hammond MD,richard51@example.org,2022-11-16,2024-06-09
5553,Roger Hardin,zgordon@example.net,2023-06-01,2025-01-28
5052,Jennifer Palmer,kaylawatkins@example.org,2022-08-19,2025-06-19
4518,Lisa Johnson,jameskaufman@example.com,2023-02-07,2024-07-02
3067,Timothy Luna,gatesmichael@example.net,2022-06-19,2024-07-25
9316,Douglas Espinoza,ryan06@example.net,2022-12-16,2023-09-20
9587,Barbara Hall,melissaramirez@example.net,2023-08-22,2025-01-22
4044,Kelsey Sullivan,vcuevas@example.org,2022-05-30,2023-11-13
6807,Jessica Alvarado,michellehickman@example.net,2022-09-20,2025-01-11
9582,Kathy Morales,swarner@example.com,2023-01-04,2025-04-24
7594,Ronald Larson,robertsonadam@example.net,2023-09-17,2024-02-19
1874,Michelle Figueroa,awalker@example.org,2023-08-09,2025-04-15
7238,Johnny Allen,csutton@example.net,2023-01-11,2024-10-01
5693,Shelly Brown,monicahaynes@example.net,2022-11-02,2025-04-12
2627,Mary Baker,nicole93@example.com,2022-07-06,2025-02-05
8898,Kevin Scott,amanda77@example.com,2022-01-03,2025-04-06
2782,Carlos Anderson,martinamanda@example.net,2023-04-17,2024-12-02
1133,Lee Pineda,knightderek@example.com,2021-12-08,2025-07-08
9541,Lori Whitaker,ralph25@example.net,2022-02-09,2024-11-10
1617,Jeffrey Kim,aimeebennett@example.org,2022-11-18,2024-01-19
5026,Bob Gay,davidporter@example.org,2022-05-31,2024-08-01
9244,Dr. Kevin Murphy Jr.,williamdaniel@example.net,2023-07-02,2025-06-23
8866,David Watkins,johnsonmichelle@example.net,2022-05-05,2025-06-01
7549,Emily Young,karen04@example.org,2021-12-30,2024-03-14
8542,Colleen Rivera,lawsonamanda@example.org,2022-12-02,2024-10-13
9163,Dana Carroll,pmitchell@example.org,2022-10-25,2025-04-09
1004,Mr. Mark Escobar,rhernandez@example.org,2023-05-19,2023-09-25
3846,Sarah Black,gbailey@example.org,2022-10-04,2025-04-17
8681,Lindsey Powell,bsmith@example.net,2023-08-19,2024-08-09
8811,Nathan Fernandez,hduarte@example.org,2022-03-18,2024-08-11
4678,Chad Lewis,alexandra28@example.org,2023-07-17,2023-11-28
6078,Jessica Hunt,karen05@example.org,2022-05-17,2024-10-15
6680,Ryan Barton,mgibson@example.net,2023-02-24,2024-04-16
9500,Vickie Kirk,stephenroberts@example.com,2023-07-01,2024-12-10
8901,Katherine Jones,qgray@example.com,2023-02-20,2024-08-09
7782,Terry Robinson,edward53@example.com,2023-06-17,2024-12-22
1285,David Ward,vlane@example.net,2022-08-13,2024-06-18
9592,Grant Miller,lwalls@example.net,2023-03-05,2025-07-15
7578,Keith Bennett,chandlervictoria@example.net,2022-06-16,2025-05-08
4916,Autumn Little,alyssa27@example.com,2022-10-08,2023-12-12
9926,Martin Beltran,donnafreeman@example.com,2023-04-18,2023-09-19
6436,Jacqueline Lee,jodidavis@example.com,2022-10-12,2024-09-08
8395,Tim Christian,noah80@example.com,2022-11-15,2025-07-04
6024,Micheal Walker,aprilmendoza@example.org,2023-04-08,2023-12-13
9226,Austin Hernandez,jack67@example.com,2023-05-21,2024-09-23
8792,Sarah Pierce,carol47@example.net,2023-03-17,2024-05-31
9034,Elizabeth Mcgee,smithdawn@example.net,2022-08-24,2024-01-20
4791,Jason Kirk,tdominguez@example.net,2022-01-25,2025-01-15
6692,Michael White,kempjessica@example.org,2022-10-05,2024-11-30
8205,Jean Shannon,jennifer59@example.org,2022-08-06,2024-07-06
5102,Amanda Hobbs,webbmichael@example.com,2022-08-24,2024-02-01
9805,Nicholas Robinson,chad20@example.com,2023-04-04,2024-01-20
6128,Michael Miller,wbyrd@example.com,2022-01-26,2024-04-28
1256,Yvonne White,davidfoster@example.net,2022-03-09,2024-08-07
5216,Emily Patton,kramerrhonda@example.org,2023-05-22,2024-07-13
2292,Heather Stanton,jon19@example.net,2021-12-26,2024-07-13
4042,Charles Roach,hjohnson@example.org,2023-08-25,2024-04-12
1304,Elizabeth Young,terry43@example.org,2022-10-18,2023-10-18
7221,Lisa Bailey,frankpalmer@example.net,2023-06-01,2025-02-12
3839,Elizabeth Moore,ryanamy@example.net,2022-12-02,2024-06-11
1318,Danielle Benson,wspence@example.net,2023-01-15,2025-01-15
7861,Maria Chandler,allisonstephens@example.com,2023-07-13,2024-02-28
3195,Samuel Bowman,rogersrobert@example.net,2022-07-13,2024-09-24
6588,Kendra Hernandez,wilcoxphillip@example.org,2022-04-03,2024-05-10
4355,Timothy Barnett,gryan@example.com,2022-10-21,2024-07-27
5785,Angela Roman,jordankevin@example.org,2021-10-11,2025-03-18
8533,Joanne Bailey,aliciascott@example.net,2022-12-01,2025-06-12
1476,James Macias,emily75@example.com,2023-07-01,2025-03-29
6575,James Flores,slee@example.com,2022-07-13,2025-06-13
8422,Douglas Garcia,cynthiaallen@example.org,2022-08-31,2025-04-23
9125,Thomas Adams,thomasjoel@example.net,2022-06-10,2025-03-04
2511,Misty Adams,shahrobin@example.com,2022-07-13,2024-10-20
5072,Justin Rose,hayley92@example.net,2022-09-02,2025-07-28
4892,Tracy Morrison,mary53@example.net,2022-07-12,2025-09-10
3377,Robert Chavez,johnmiller@example.org,2023-08-11,2024-05-21
9369,Kristen Adams,parkkevin@example.com,2021-09-30,2024-08-12
6264,Kimberly Beasley,joycesawyer@example.org,2022-01-17,2024-04-03
6114,Amanda Blackburn,claytonprince@example.com,2022-12-10,2023-11-13
4717,Johnathan Carr,jjennings@example.net,2023-03-31,2024-11-15
1146,Tanner Romero,jillhughes@example.com,2022-02-06,2024-08-02
3040,Beverly Lawrence,mrubio@example.net,2023-03-09,2024-12-16
6345,James Figueroa,aclayton@example.org,2021-11-06,2024-01-22
1905,Troy Kim,carterbriana@example.net,2022-09-20,2024-03-22
5697,Jared Young,qwade@example.org,2023-08-25,2024-05-18
1612,Brittany Hunter,dawnhobbs@example.org,2022-03-25,2024-11-06
9583,Patrick Hodges,smithandrea@example.org,2023-09-10,2023-11-08
3742,Jeremy Nguyen,jbailey@example.org,2022-11-06,2025-05-26
1640,Daniel Richards,bthompson@example.com,2022-04-28,2024-06-07
9892,James Young,fbryan@example.net,2022-11-05,2025-07-23
5333,Lori Powell,youngpamela@example.org,2022-10-12,2024-12-22
9147,Amy Hughes,pdawson@example.org,2023-03-06,2025-06-24
7934,William Lewis,shelbywalker@example.org,2022-04-26,2023-12-06
6838,Christopher Shah,phamkaitlyn@example.net,2021-12-26,2025-07-10
5590,Melissa Cox,schmidtjoseph@example.net,2022-11-08,2024-05-17
4137,Ashlee Gonzales,traceywright@example.com,2023-04-05,2024-05-30
7537,Jessica Mendez,johnsonjoseph@example.com,2022-04-03,2025-01-09
5128,Melissa Daniels,pamela26@example.com,2021-12-30,2023-12-17
3750,Dwayne Holland,emilymoore@example.com,2021-11-23,2025-09-09
2538,Frederick Martinez,rcastillo@example.org,2023-08-12,2025-04-08
1317,Daniel Palmer,pattersonalejandra@example.net,2022-09-29,2024-05-30
3887,Sarah Peterson,vanessawilkinson@example.net,2023-06-02,2025-03-27
3549,Katelyn Black,dsherman@example.org,2021-11-10,2025-05-29
1221,Andrew Gutierrez III,ajohnston@example.org,2023-08-11,2024-02-21
9841,James Wilson,nwalker@example.com,2023-03-26,2025-04-25
8326,Christopher Gonzalez,georgeapril@example.com,2023-01-06,2024-01-12
2327,Glenda Coffey,mariahhansen@example.com,2022-06-07,2024-06-07
1940,Michael Johnson,romerodanielle@example.org,2023-08-10,2025-08-22
9770,Christopher Lyons,uzamora@example.com,2022-12-13,2024-10-14
2597,Jennifer Harrell,teresaalvarez@example.com,2022-05-23,2024-01-19
2004,Vincent Ward,lschmidt@example.net,2022-05-07,2024-09-24
1515,Melissa Swanson,ymartinez@example.net,2022-10-10,2024-03-23
6132,Tim Wilson,jaclyncordova@example.com,2022-03-25,2024-03-30
5001,Jordan Soto,nwilliams@example.com,2022-05-02,2023-10-28
4014,Cody May,wburton@example.net,2022-04-21,2025-02-19
8004,Michelle Benson,melissaware@example.com,2023-06-02,2024-06-22
7356,Valerie Owens,mgordon@example.net,2022-01-09,2023-12-15
1903,Ms. Kathy Church,brandon90@example.org,2022-05-10,2025-08-17
6356,Mr. Leonard Noble,bbarrett@example.com,2023-05-29,2025-06-20
2810,Michael Mccoy,stephenchapman@example.org,2023-02-22,2024-12-23
5721,Edward Snow,isimpson@example.com,2022-05-29,2023-10-03
6620,Victor Morris,regina53@example.net,2022-07-15,2024-03-16
8747,Kevin Snyder,stacyspears@example.net,2022-11-16,2024-02-07
5393,Andrea Robertson,bperez@example.net,2022-06-05,2025-01-19
3513,Stephanie Ross,rachel86@example.net,2021-12-30,2025-01-17
9362,Steven Flowers,paige94@example.org,2023-08-18,2025-08-23
5782,Justin Rojas,chanson@example.net,2023-02-27,2025-03-02
4387,Stephen Johnson,jessica02@example.org,2023-04-04,2025-02-15
2437,Cassandra Martin,melissa20@example.com,2023-02-08,2024-08-03
6376,Elaine Green,moniquelong@example.com,2023-08-19,2023-12-25
7079,Tracy Thompson,christine76@example.net,2023-02-27,2024-05-27
1887,Amanda Lopez,heatherbutler@example.net,2022-11-29,2025-02-01
5400,Christopher Lopez,andrea49@example.com,2022-04-21,2024-04-04
1667,Victor Wolf,bcantu@example.net,2022-02-08,2024-12-02
3854,Thomas Chandler,nicholas90@example.com,2022-10-31,2024-02-07
9600,Karen Sims,slyons@example.com,2021-11-22,2024-05-24
6931,Carl Lindsey,hansenmartin@example.com,2023-02-06,2025-08-19
2552,Bryan Fry,evansstephanie@example.org,2023-08-26,2025-02-10
5360,Amy Diaz,flynnchristine@example.net,2022-04-09,2024-11-04
9437,Nicole Love,abigailcopeland@example.org,2022-10-08,2024-02-07
9428,Allison Diaz,robert84@example.org,2023-06-24,2023-11-25
6306,Katrina Buckley,larry57@example.org,2022-07-13,2025-07-29
6466,Nicholas Hernandez,william87@example.net,2022-06-30,2024-06-26
1733,John Butler,christopherhudson@example.com,2023-04-30,2023-10-21
6174,William Allen,stevenduncan@example.com,2023-07-16,2024-06-28
7003,Xavier Powers,brianna85@example.net,2022-01-11,2024-05-14
2760,Ashley Khan,jonathan93@example.net,2023-05-30,2024-12-01
7599,Cory Hernandez,alyssagay@example.com,2022-10-17,2025-09-03
3689,Matthew Beck,garciatina@example.com,2022-07-14,2025-06-20
2678,Tonya Glass,travis75@example.org,2023-07-02,2025-09-04
3767,Richard Clayton,nicole55@example.org,2023-04-25,2024-09-21
7299,Erica Tyler,brendamiller@example.org,2022-10-06,2023-12-20
8763,Jessica Cummings,jesse74@example.net,2022-03-10,2024-11-24
1069,James Smith,vbrown@example.net,2022-11-12,2025-07-17
4221,Gregory Smith,thompsonstephanie@example.net,2023-04-14,2025-07-12
8453,Joyce Schwartz,joshua07@example.org,2021-11-10,2024-02-09
6143,Duane Williams,anna45@example.org,2023-03-24,2024-03-14
4013,Jason Whitney,ldunn@example.org,2022-10-23,2023-09-28
2976,Carolyn Preston,lsnyder@example.net,2022-08-20,2024-05-02
1393,Ryan Lewis III,rmendoza@example.com,2023-09-08,2024-08-24
4641,Christopher Krause,holly77@example.net,2022-01-11,2024-10-24
3509,Abigail Booth,fowlerbarry@example.org,2022-06-16,2025-09-07
6232,Natalie Flores,parrishchristina@example.org,2023-01-03,2025-06-05
7100,Andrew Zimmerman,robert36@example.org,2022-08-26,2024-03-24
2709,Dwayne Sanchez,leecarly@example.com,2022-12-05,2024-10-02
7455,Karl Gillespie,danielmorales@example.com,2022-08-22,2024-02-02
4642,Anita Robinson,garciadenise@example.org,2023-04-26,2025-06-22
1203,James Wright,moorecory@example.net,2023-02-23,2025-03-30
5388,Anne Villa,jonathanmason@example.net,2023-09-17,2024-01-08
6523,Mary Johnson,pamela39@example.net,2023-06-04,2024-03-25
1768,Jesse Juarez,ccook@example.org,2022-05-10,2024-03-27
6087,Monica Alexander,cummingslisa@example.org,2022-11-01,2024-06-02
6779,Emily Martin,tina50@example.net,2022-06-06,2024-05-20
3201,Michael Bradley,zchavez@example.com,2022-11-25,2024-11-15
9859,Jennifer Wallace,wjones@example.org,2023-04-17,2025-08-14
8827,Tracy Grant,patrick25@example.com,2023-07-30,2023-11-23
6096,Kimberly Oneill,gcabrera@example.net,2023-01-04,2025-08-17
4956,Tyler Pope,ifuller@example.net,2022-08-09,2024-04-30
7841,John Cooper,deanmichael@example.com,2023-04-08,2024-01-02
2307,Andrew Burke,kmack@example.org,2021-10-08,2025-04-30
3851,Ricky Drake,stephaniemerritt@example.net,2023-09-08,2025-03-11
7743,Gregory Vasquez,howellaaron@example.net,2021-12-20,2024-10-31
9080,Angel Mcclure,travispaul@example.net,2022-01-10,2023-11-09
3219,Sarah Blevins,james35@example.org,2023-05-28,2025-04-30
8771,Elijah Avila,brucejoshua@example.net,2023-05-24,2025-04-13
4712,Savannah Miranda,aaron57@example.net,2022-09-20,2025-08-22
7884,Melissa Fischer,awilliams@example.org,2022-06-15,2024-12-02
6106,Gloria Snow,adam02@example.org,2023-01-13,2025-07-30
5372,Carolyn Johnson,bswanson@example.com,2022-11-18,2025-07-20
6700,Andrew Lane,tmooney@example.com,2023-07-18,2025-07-12
6861,Lawrence Russell,laura49@example.net,2022-07-04,2025-01-25
3843,Mr. Jesus Kelley,browningbenjamin@example.com,2022-03-19,2024-12-17
9964,Cheyenne Henson,jonathananderson@example.org,2021-12-27,2025-07-12
6840,Shelby Douglas,latoya14@example.net,2022-06-30,2025-06-28
9535,Wendy Calderon,terrencecarpenter@example.com,2022-02-15,2025-06-14
9849,Kayla Green,vrivera@example.com,2021-12-13,2024-11-19
7742,Michael Dunlap,gracecabrera@example.org,2022-03-23,2024-01-12
8287,James Guzman,ujohnson@example.org,2022-10-31,2023-11-02
3090,Mark Anderson,victormiller@example.com,2022-03-26,2025-09-10
9883,Benjamin Hamilton,kreyes@example.net,2022-02-05,2025-06-13
7611,Bruce Frye,victoriaingram@example.com,2023-03-15,2024-09-11
9533,Michele Norman,cameronharris@example.com,2021-10-08,2024-05-20
7216,David Obrien,robertbarry@example.com,2023-01-15,2025-04-18
8105,David Woods,perkinsbrandon@example.com,2022-02-05,2024-10-02
6967,Amanda Dodson,reynoldsjacqueline@example.net,2023-01-22,2024-12-18
2320,Brenda Allen,kimwhite@example.org,2023-08-27,2024-03-25
9677,Dennis Jacobson,kathryn91@example.com,2021-12-21,2024-02-26
1208,Samuel Barnes,freemankimberly@example.net,2022-05-06,2023-09-22
6674,Charles Ewing,sburns@example.com,2023-02-07,2025-08-31
4874,April Smith,jamesvargas@example.com,2022-05-25,2024-04-15
9657,Alicia Houston,joyce12@example.net,2022-12-21,2024-09-05
7432,Brianna Walton,bpotter@example.net,2023-06-08,2023-11-09
1554,Tina Owens,tammy04@example.org,2022-03-25,2025-07-01
6709,Anthony Thompson Jr.,fhoffman@example.com,2022-07-04,2024-02-11
9475,Patty Warner,pagejodi@example.net,2023-01-10,2023-12-23
5614,Kristen Huber,james96@example.com,2022-08-16,2025-04-16
1632,Bryan Shaw,gloria56@example.org,2021-12-11,2024-06-14
9818,Dennis Hensley,jeffyoung@example.net,2022-07-07,2023-11-04
8011,Richard Gutierrez,juliecarey@example.com,2022-06-19,2025-09-12
6186,Christina Velazquez,brian02@example.com,2021-11-29,2025-01-26
3160,Christopher Chandler,xthomas@example.net,2022-01-10,2024-09-09
6474,Jessica Wade,tboyd@example.org,2022-10-13,2024-01-31
9907,Daniel Morales,maxwellbelinda@example.com,2022-04-08,2025-01-11
7287,Steven Peck,qbrooks@example.net,2022-01-11,2025-02-08
6959,Misty Hickman,jerome66@example.org,2023-08-08,2024-01-18
9639,Steve Hale,fuentesscott@example.org,2022-12-19,2025-02-22
4483,Danielle Flores,michelle11@example.org,2022-04-28,2024-01-06
7370,Matthew Martinez,david45@example.com,2022-06-29,2024-01-28
5658,Kyle Roth,lisanunez@example.com,2023-05-09,2023-12-02
7019,Randy Avila,vstevens@example.org,2022-07-28,2024-02-29
8844,Adam Jensen,danamayo@example.org,2023-07-25,2025-05-09
3487,Joanna Fernandez,samuelburch@example.com,2022-12-23,2024-07-21
9481,Evan Holland,moranlaura@example.org,2022-11-23,2025-08-28
5716,Kent Buchanan,joneslisa@example.net,2023-01-04,2024-08-31
4633,Michael Bowen,keithshaw@example.org,2022-07-15,2025-05-20
2532,Dave York,katherine12@example.com,2022-03-03,2024-05-08
5888,Brandon Small,yramsey@example.com,2022-02-04,2023-12-29
8106,Janet Ingram,caitlinlopez@example.org,2021-11-16,2024-10-09
6482,Patrick Roberts,peterhester@example.org,2023-02-08,2024-01-28
7894,Amy Clark,gaguilar@example.com,2022-11-03,2024-01-26
1712,Joshua Hamilton,kevin70@example.com,2022-05-05,2024-01-04
6462,Timothy Burgess,maryvazquez@example.net,2021-12-18,2025-09-03
1959,Samuel Barrera,kathryn56@example.net,2022-09-24,2024-09-15
3633,Janet Taylor,andrewflores@example.net,2023-09-01,2025-06-23
4868,Renee Brown,farrelljonathon@example.org,2023-09-13,2024-12-09
4490,Mark Stone,rosedustin@example.org,2023-08-28,2024-10-08
8671,Michelle Stanley,michael40@example.org,2023-04-30,2025-05-23
5313,Darius Ruiz,rcruz@example.net,2022-06-07,2025-07-15
2668,Jean Green,george92@example.org,2021-11-17,2025-08-19
9027,Jennifer Ortega,meganrodriguez@example.org,2022-12-05,2024-01-22
1897,Mrs. Michelle Holt MD,margaret14@example.com,2023-03-30,2024-03-19
4806,Stephen Todd,elong@example.org,2022-04-30,2025-08-30
8268,Sergio Ward,ekent@example.org,2023-03-10,2024-11-17
6772,Lisa Hawkins,campbelldawn@example.net,2023-03-30,2025-08-19
5766,Lisa Thomas,kray@example.com,2023-01-20,2024-06-03
6266,Jared Garcia,brian39@example.com,2022-03-22,2024-11-15
5214,Victoria Smith,hornedustin@example.org,2021-11-09,2024-02-05
7087,Timothy Hansen,robertallison@example.com,2023-08-20,2023-12-21
9079,Felicia Rodriguez,fosterrichard@example.com,2023-07-03,2024-12-17
1266,Jimmy Castro,meyeramber@example.net,2023-05-31,2025-09-14
1811,Ashley Price,ztucker@example.org,2022-03-26,2024-10-04
1817,Patricia Freeman,jimenezchristina@example.org,2023-03-11,2023-12-16
3099,Jessica Olson,patriciahardin@example.net,2023-04-16,2024-11-12
5789,Mark Hughes,traceyhernandez@example.net,2023-08-16,2025-01-18
2102,Jonathan Roberts,kelsey78@example.net,2023-07-11,2024-04-06
6011,Catherine Wagner,njennings@example.net,2021-10-15,2024-11-19
3061,Omar Young,smithashley@example.com,2023-01-11,2023-12-20
8620,Cheyenne Mahoney,monica84@example.org,2023-01-19,2024-09-02
1467,Matthew Mcclure,kevingillespie@example.org,2023-01-22,2025-06-30
4684,Jenna Morgan,angela85@example.net,2022-10-07,2025-04-01
8712,Theresa Marshall,kevin03@example.org,2023-01-02,2025-07-18
7159,Tonya Guerrero,ricescott@example.org,2023-04-13,2024-10-18
4780,Richard Martinez,luis10@example.com,2022-07-23,2025-02-06
7928,George Hunt,jonathanhernandez@example.com,2023-02-01,2024-02-29
3832,Michaela Hernandez,xmunoz@example.net,2022-09-02,2025-07-19
7628,Anna Douglas,parksjames@example.net,2023-06-06,2024-01-15
9568,Cory Gonzales,solson@example.org,2022-07-21,2025-04-18
7264,Nicolas Wong,lisaweiss@example.com,2022-12-08,2025-04-01
7515,Sarah Walker,wmccoy@example.org,2023-07-23,2023-11-05
4475,Stephanie Yoder,susan93@example.com,2023-09-11,2024-12-31
2042,John Murphy,howelljodi@example.com,2022-07-18,2025-06-19
8954,Kimberly Robinson,ihutchinson@example.org,2021-12-28,2025-05-08
3362,Melanie Gordon,davidmcclure@example.org,2022-10-21,2025-04-02
5185,Andrea Thomas,taylor54@example.net,2023-08-20,2024-10-18
1892,Sara Stewart,bellsuzanne@example.com,2023-04-09,2025-06-06
2184,Brenda Stevenson,glloyd@example.org,2022-08-13,2024-02-23
1399,Angel Hutchinson,craigjackie@example.org,2022-06-03,2023-10-17
6395,Dustin Bruce,gharvey@example.org,2022-04-06,2025-08-30
4552,Rhonda Pollard,amandamurphy@example.org,2023-08-27,2024-11-24
4262,Jacqueline Stanley,andersonannette@example.com,2022-11-28,2024-10-22
4930,Michael Reynolds,penajennifer@example.org,2021-11-11,2025-01-03
5397,James Shaffer,diana89@example.net,2022-11-29,2025-05-28
5457,Gabrielle Moreno,jessicaharrison@example.net,2022-11-27,2024-11-23
9445,Donna Hernandez,kellieaustin@example.net,2023-08-31,2024-03-28
5009,Michael Roberts,jamiemacias@example.com,2023-05-16,2025-08-19
2667,Olivia Mckinney,georgeallen@example.net,2022-01-02,2024-12-02
2305,Keith Williams,flewis@example.net,2022-05-19,2024-01-22
9008,Ryan Graham,housekelly@example.net,2022-12-11,2023-10-11
1201,Regina Fields,dianegregory@example.net,2021-11-22,2025-03-08
5070,Jill Tran,wigginshaley@example.org,2022-07-12,2024-11-22
1347,James Gomez,uvaldez@example.org,2022-05-03,2024-10-16
2642,Melissa Hansen,pamela44@example.net,2022-07-21,2024-08-18
6801,Steven Clark,wbrown@example.com,2022-05-28,2023-11-17
8734,Angela Parker,brooke02@example.net,2023-04-01,2024-10-28
1754,Maria Castillo,jonesjennifer@example.net,2021-11-16,2024-09-18
7122,Evan Nelson,foxerika@example.com,2022-03-09,2024-05-22
5608,Mr. Robert Nielsen,lisa25@example.org,2023-08-05,2024-08-24
3677,Laura Holmes,ashlee94@example.org,2022-03-10,2024-02-24
7636,Michael Vega,kboyle@example.net,2022-10-20,2024-08-25
7751,Tammy Scott,kcoleman@example.org,2021-12-02,2025-07-01
1369,Brandon Ritter,mfowler@example.org,2023-02-03,2025-03-12
5129,Rachel Greene,bradley66@example.org,2021-11-02,2025-03-10
6717,Brandi Dunlap,znoble@example.org,2023-09-02,2024-09-08
2692,Eric Cochran,stephanie83@example.com,2023-07-12,2025-01-08
9343,Michael Collins,johnking@example.net,2022-07-21,2024-08-30
7673,Elizabeth Wright,courtney03@example.com,2022-10-30,2025-09-10
2853,Belinda Wagner,michaelnelson@example.org,2021-11-02,2023-10-08
2110,Billy Holmes,danny41@example.org,2022-04-26,2024-03-14
6447,Kevin Walker,jamesobrien@example.org,2023-06-18,2025-08-06
1993,Hailey Crawford,jason64@example.net,2023-04-01,2024-06-12
7338,Joshua Ferguson,valeriehart@example.org,2023-03-13,2025-05-05
8207,Tonya Brown,wilsontheresa@example.net,2021-10-06,2025-08-28
5089,Joshua Houston,johnpeters@example.com,2021-12-13,2023-11-12
8879,Matthew Tyler,cruzdawn@example.net,2021-11-02,2024-01-02
7312,Maria Ayala,thomas61@example.net,2023-02-03,2025-08-17
1261,Raymond Chapman,amy19@example.net,2022-09-27,2024-08-26
2979,Fernando Garrison,caseymueller@example.com,2021-10-04,2024-07-05
1132,Mr. Aaron Clark,diazlaura@example.org,2022-08-17,2024-02-24
1365,Shelby Johnson DDS,rgriffin@example.com,2021-12-09,2024-09-28
3964,Jo Brady,michelleburke@example.org,2021-11-27,2025-05-17
3194,Shawn Murphy,dwiley@example.net,2023-05-21,2024-05-08
5737,Jacob Owens,katiehill@example.com,2022-04-18,2023-11-10
5218,Frank Morris,fletcherjennifer@example.net,2022-04-03,2024-10-27
4049,Kirk Robinson,cooperronald@example.com,2021-10-26,2025-02-18
6953,Mark Williams,aaronlucas@example.net,2022-12-27,2024-08-11
6612,Heather Pennington,moorealison@example.net,2022-04-09,2024-06-09
5951,Tonya Simmons,xmoon@example.com,2022-06-11,2024-06-30
5253,Linda Brown,fmitchell@example.net,2021-11-18,2023-12-20
7065,Courtney Walls,saramiddleton@example.net,2023-06-22,2024-04-06
3480,Jodi Schmidt,ryansoto@example.com,2023-06-21,2025-03-14
3133,Heather Valencia,melanie99@example.net,2023-08-29,2024-01-13
5683,Catherine Tyler,gregorymolina@example.org,2021-11-22,2024-03-21
8301,Raven Wood,robert55@example.org,2022-11-22,2024-10-30
6519,Austin Thomas,brendahubbard@example.org,2022-03-11,2025-06-26
6752,Samuel Chen,henrycox@example.org,2022-01-24,2025-03-08
7598,Benjamin Figueroa,othornton@example.org,2023-01-31,2024-02-18
1096,Aaron Rodriguez,pkeller@example.net,2022-11-17,2024-06-12
2900,Dave James,sarah62@example.com,2022-05-16,2024-10-23
7568,Evelyn Gray,lcarpenter@example.org,2022-05-19,2023-10-22
8874,Mark Schmidt,jclark@example.com,2021-09-24,2025-05-05
5764,Lori Dixon,jgross@example.org,2022-07-30,2024-05-26
5153,Corey Davis,nspence@example.com,2022-01-10,2023-12-17
1816,Kevin Compton,haysdavid@example.com,2021-10-28,2025-09-07
8726,Carlos Wilson,jessica67@example.net,2022-03-15,2025-07-10
1779,Lisa Taylor,hyoung@example.org,2021-11-16,2024-08-04
8410,Stephen Davis,sanchezkenneth@example.org,2022-09-23,2025-05-12
6100,Matthew Parsons,scott82@example.net,2023-05-07,2024-04-30
2346,Gregory Jones,olivia78@example.com,2023-06-04,2025-04-01
8645,Jessica Olsen,brettpowers@example.org,2023-01-25,2024-01-12
1283,Bradley Evans,olsonfrank@example.com,2022-09-05,2024-01-21
3708,Angela Bass,williefrazier@example.com,2022-11-05,2025-01-10
1850,Kari Becker,joel09@example.net,2021-10-05,2025-06-08
2209,Melinda Jones,josephpearson@example.org,2022-06-16,2025-01-22
1692,Evan Cantrell,benjaminmiller@example.net,2022-01-07,2025-07-22
6424,Janice Buckley,mitchellchristopher@example.org,2023-09-03,2024-12-11
7965,Linda Wilkinson,egutierrez@example.net,2022-06-29,2025-02-17
7205,Nicholas Sanchez,brittany19@example.net,2023-03-29,2023-09-27
4319,Allen Jackson,amanda32@example.net,2022-06-25,2024-09-29
1971,John Griffith,pennyford@example.org,2022-04-27,2025-05-05
7437,Mary Moore,kyoung@example.com,2022-09-02,2024-08-09
9442,Allison Espinoza,owright@example.net,2022-12-07,2024-03-11
5925,Stacy Mclaughlin,virginiamitchell@example.com,2021-12-30,2024-02-16
3990,Erin Goodman,jenniferwhitaker@example.net,2023-05-27,2024-12-31
8144,Shawn Walker,elizabethroberts@example.com,2022-03-11,2024-04-15
7430,Bryan Walker,creid@example.org,2022-04-10,2023-12-05
5601,Nicole Martin,jonathanhouston@example.com,2022-03-26,2025-05-29
2885,Shelby Watts,huntervictoria@example.com,2023-07-26,2025-06-12
4823,Dennis Espinoza,sarah07@example.org,2022-04-03,2023-10-14
6469,Joshua Buchanan,danielharris@example.net,2023-08-31,2023-12-02
5783,Maria Ramirez,guerrarachel@example.com,2023-07-30,2024-04-21
6547,Keith Lawson,justin62@example.org,2023-01-26,2024-10-08
7834,Jaime Cummings,rosejamie@example.com,2023-03-14,2025-05-19
9303,Donna Higgins,grahamcharles@example.org,2023-02-25,2024-05-31
4555,David Parker,stephaniebryant@example.org,2021-11-23,2025-09-10
6294,Rachel Ramsey,jenniferpittman@example.net,2022-01-28,2025-01-09
7649,William Brown,xaviermccullough@example.net,2023-02-12,2023-11-09
3453,Christian Garrison,uwalker@example.org,2023-06-20,2025-01-01
8872,Vicki Hawkins,johnparks@example.com,2022-05-02,2025-04-28
9382,John Sanders,angeloliver@example.com,2022-02-16,2025-05-06
1346,Michael Fields,pmartinez@example.net,2022-03-08,2025-02-14
6340,William Kennedy,mendozaandrew@example.org,2022-06-18,2024-07-13
1141,Mary Long,mdavis@example.com,2022-10-08,2025-08-07
9025,Diamond Rogers,amcfarland@example.com,2023-04-12,2024-08-27
4041,Patricia Christensen,franciscosmith@example.org,2022-01-06,2024-02-01
5324,Shannon Ramirez,margaret10@example.org,2023-07-09,2025-05-25
1769,Michelle Lang,dcontreras@example.net,2021-12-03,2023-11-12
3948,Frank Brewer,katelyn99@example.net,2023-04-27,2024-06-30
6140,Michael Knight,awilson@example.org,2023-06-14,2024-02-02
7948,Jessica Oneal,shanesteele@example.org,2022-11-10,2024-04-08
9789,Kaitlyn Jones,qcarter@example.com,2023-04-11,2025-01-12
4464,Michael Smith,rebecca40@example.com,2022-10-22,2024-02-23
3306,Frank Shaw,guerreroalexandria@example.net,2023-06-01,2025-09-14
8385,Brian Ellis,josemorgan@example.org,2021-12-08,2024-03-01
7733,Edgar Armstrong,robinsonmichael@example.net,2021-10-28,2024-01-15
4770,Tanya Oconnor,jennifer20@example.net,2021-12-19,2024-09-07
4030,Matthew Newton,pnichols@example.net,2023-03-18,2024-05-21
4150,Jennifer Kelly,elawrence@example.org,2021-11-12,2024-05-17
9085,Edward Hester,thompsonmaria@example.net,2023-09-10,2025-05-30
1041,Andrew Ruiz,kcross@example.com,2023-03-18,2025-02-17
5582,Bryan Torres,travismendez@example.com,2023-03-03,2025-08-15
8856,Mikayla Duncan,brendaholland@example.net,2022-09-06,2025-02-12
7929,Omar Lowery,ericporter@example.net,2023-03-08,2025-05-04
3366,Elizabeth Elliott,freyes@example.net,2022-11-26,2025-08-08
5126,Calvin Lee,randy32@example.org,2022-08-23,2023-12-22
1323,Robert Ray,kristin22@example.net,2023-07-25,2025-01-21
5891,Julie Hall,jennifer73@example.com,2021-12-31,2025-08-04
7810,Julian Knight,vaughnwendy@example.com,2022-12-16,2024-08-03
2191,Michelle Hickman,meganjordan@example.net,2023-03-03,2023-12-20
7996,Melissa Butler,cmcclain@example.org,2022-12-04,2023-11-12
3169,Brittany Powell,duncanfrederick@example.org,2022-10-26,2023-11-01
5016,John Mcdonald,james82@example.org,2022-07-05,2023-10-23
5222,Debra Jimenez,samuelfox@example.org,2022-10-08,2025-07-12
2724,Todd Mullen,philip16@example.org,2022-04-04,2024-02-03
2259,Sheri Ross DDS,christopherfreeman@example.com,2021-12-24,2025-06-26
5512,Samantha Miller,srivera@example.net,2022-08-03,2025-08-30
1134,William Hansen,josephjohnson@example.com,2022-05-10,2023-12-17
4585,Carolyn Mitchell,tara71@example.com,2021-11-16,2024-03-10
9558,Michael Mcclure,oliviastone@example.com,2021-12-23,2025-09-15
5367,Michael Hill,dmartinez@example.org,2023-01-09,2025-01-17
7665,Jeffrey Mcclure,joelshort@example.net,2023-08-20,2024-01-08
5097,Justin Rosales,dberry@example.net,2022-09-28,2023-10-25
5245,Jennifer Graves,darylevans@example.net,2022-02-19,2024-04-05
6022,Thomas Saunders,vyoung@example.net,2022-04-08,2025-03-06
8275,Thomas Rogers,robert01@example.org,2021-12-03,2024-06-02
7211,Michael Kelly,lisa33@example.net,2023-09-06,2025-02-27
3121,Emily Romero,russell93@example.net,2023-04-01,2025-01-11
8562,Nicole Wang,calvinwatson@example.org,2022-01-19,2025-04-24
4287,Gary Roberson,kiara42@example.com,2022-06-18,2025-06-14
1872,Wendy Dean,matthew87@example.org,2023-07-04,2024-01-23
4721,Allison Ryan,marymoore@example.com,2022-03-23,2023-11-10
3977,Nicole Gomez,melissa25@example.com,2021-09-19,2024-09-14
6000,Rebecca Hartman,banderson@example.com,2022-07-17,2024-01-10
2121,Mark Snyder,brobinson@example.org,2022-06-19,2023-11-13
7121,Ronald Ray,zachary37@example.net,2023-03-31,2025-02-27
1338,Kimberly Sutton,nflores@example.net,2023-05-06,2024-12-06
2811,Jessica Lucas,danielle57@example.net,2022-01-22,2025-03-25
9391,Craig Gaines,michaelfoster@example.com,2022-01-02,2024-04-21
4618,Lauren Thomas,hannah02@example.org,2023-06-21,2025-03-22
3295,James Ford,lwalker@example.net,2022-10-15,2024-11-19
2275,Patrick Alvarez,matthewreynolds@example.org,2022-01-16,2025-05-10
5352,Amanda Li,qtorres@example.org,2022-05-21,2024-08-07
9895,Brandon Clark,hernandezcatherine@example.com,2022-10-08,2024-09-18
3341,Pamela Cox,sandrawilliams@example.org,2021-11-20,2024-10-09
3137,Eugene Harris,zholloway@example.net,2022-03-22,2025-07-04
7942,Jody Blair,perezsusan@example.org,2022-05-06,2025-01-13
5775,Jason Mcbride,janice21@example.com,2023-07-05,2025-07-08
2119,Emily Snyder,yanderson@example.org,2023-04-02,2024-08-25
1981,Anthony Mathews,raymondburgess@example.net,2022-08-11,2025-02-09
7872,Robert Mann,shannonleah@example.net,2021-10-10,2025-05-14
4273,Karen Santiago,bradley78@example.com,2022-05-15,2024-06-17
9507,Ashley Smith,barbara22@example.net,2023-09-08,2023-11-12
1377,Elizabeth Hardy,samanthaaguilar@example.net,2022-03-26,2023-10-26
4952,Nancy Hughes,fmurphy@example.net,2022-09-22,2024-08-13
1002,Darren Nelson,christina76@example.org,2022-02-06,2025-04-26
8123,Tammy Graham,nicholasalvarez@example.com,2022-02-17,2025-04-28
4958,Heather Hughes,robinsoncarrie@example.net,2023-07-11,2025-04-04
7898,Alexis Clay,stevenpage@example.net,2021-12-03,2023-09-22
6383,Andrew Schmidt,jordancandace@example.net,2022-03-07,2023-12-16
4741,Angela Brewer,patrick74@example.com,2022-10-10,2024-05-01
1825,Sydney Estrada,jensenryan@example.net,2022-12-22,2024-08-22
1411,Anna Nolan,farrellstephen@example.net,2023-06-19,2024-05-16
7485,Meghan Stokes,jwilliams@example.org,2022-04-23,2025-08-03
6766,Brian Green,yriddle@example.net,2022-03-09,2025-09-16
5438,Donna Conley,blarson@example.net,2022-04-18,2025-05-25
9502,Karen Juarez,david58@example.com,2022-01-15,2024-07-07
3277,Jessica Lopez,connorcombs@example.com,2022-11-03,2024-08-07
3616,Ashley Flores,scott78@example.net,2021-11-01,2025-03-12
5973,Michael Foster,jgray@example.com,2021-11-27,2024-04-22
4931,Lori Stafford,jdominguez@example.net,2023-07-11,2024-12-26
7367,Mary Le,davidgood@example.com,2022-01-10,2024-05-14
6915,Thomas Bauer II,derrickrodriguez@example.org,2022-03-07,2025-02-23
5855,Jacqueline Rodriguez,dawnwilliams@example.org,2023-01-23,2023-10-27
5492,Stephen Perry,michaelpatterson@example.com,2022-11-11,2024-12-26
1449,Larry Patterson,ynielsen@example.org,2023-08-01,2024-06-01
5471,Bonnie Martinez,xbaker@example.net,2021-12-29,2024-01-05
1060,Charles Robinson,gonzalezpamela@example.net,2022-08-06,2024-12-29
5745,Karen Smith,garciajacob@example.com,2023-09-02,2025-01-27
3962,Melissa Ramos,cking@example.com,2023-01-24,2025-03-29
6398,Elizabeth Santos,ygriffin@example.org,2023-05-24,2024-05-19
3043,Ana Lopez,tuckersamantha@example.net,2021-12-29,2024-11-14
7319,Lisa Burns,melissaandrews@example.com,2023-01-27,2024-04-02
9379,Leslie Hanson,ywang@example.com,2021-12-29,2025-04-27
6182,Ronald Mueller,travis13@example.org,2021-10-22,2025-05-31
4022,Angela Miller,myersmichelle@example.net,2021-12-21,2024-01-18
1214,William Banks,zglover@example.net,2023-03-18,2025-02-18
7255,James Hernandez,donaldrichardson@example.net,2022-09-01,2024-06-18
5386,Samantha Benson,coxdavid@example.net,2022-02-25,2023-11-12
6802,Joshua Harris,hornann@example.org,2021-09-25,2024-11-21
7308,Mark Little,ubates@example.net,2023-04-13,2024-08-29
3858,Jordan Jacobson,zfrank@example.net,2022-11-18,2025-09-05
6299,Paul Shaw,martincarr@example.org,2023-07-18,2024-09-26
1792,Emma Robinson,whitejennifer@example.org,2021-11-21,2024-02-21
8045,Tony Jones,davisamanda@example.net,2021-10-03,2024-09-07
5538,Stacy Hernandez,zhughes@example.com,2023-02-27,2025-03-31
7979,Misty Vaughn,griffinandrew@example.com,2021-12-03,2025-06-13
2076,Terri Weber,pricejennifer@example.com,2022-01-31,2025-02-12
6423,Mary Sanchez,pstephens@example.net,2023-09-09,2024-02-14
5319,Chelsea Moore,millerrobert@example.net,2023-01-15,2025-05-16
7509,Robin Cooper,framirez@example.net,2022-02-15,2024-10-08
3045,David Gibson,robertsstephanie@example.org,2022-11-28,2025-08-18
7466,Steven Townsend,wrightjeremy@example.org,2022-12-11,2025-02-25
5659,Maria Thomas,jesse46@example.net,2023-01-11,2025-05-21
3325,Angela Torres,stephanie68@example.net,2023-06-19,2025-08-18
9904,Wanda Lee,justinpugh@example.net,2022-09-16,2024-07-07
5290,Jessica Ruiz,jbowers@example.org,2022-12-25,2024-05-06
7145,Vicki Ochoa,alexander25@example.net,2023-05-12,2025-07-18
2568,Aimee Waters,hdavis@example.net,2023-06-20,2024-06-29
7852,Caroline Rojas,uburke@example.com,2022-05-28,2025-01-13
3024,Taylor Allen,patrickcaleb@example.net,2023-01-17,2025-09-02
4326,Gregory Wagner,lwade@example.com,2022-08-07,2025-03-26
6770,Scott Grimes,lroberts@example.org,2021-12-14,2024-03-12
2240,Joseph Bryan,ldean@example.com,2022-10-12,2024-10-05
9828,William Burgess,willisdaniel@example.org,2022-11-30,2024-12-23
4922,Michael Aguilar,jodi53@example.org,2022-01-15,2025-01-18
7991,Tina Olson,johnsonmelissa@example.com,2022-02-18,2024-11-04
4247,Cassandra Smith,butlerteresa@example.net,2023-06-15,2024-08-18
7141,Donald Hernandez,melissa61@example.org,2021-10-21,2025-08-28
5734,Angela Young,catherinefernandez@example.org,2023-09-02,2023-09-20
7997,Diane Evans,mahoneyryan@example.org,2022-08-31,2025-02-10
2533,Adam Mason,mhuerta@example.net,2022-07-29,2024-05-04
1102,Benjamin Jones,smithjustin@example.org,2023-07-19,2024-07-03
2589,Joy Nelson,rsellers@example.net,2022-08-20,2024-12-06
5082,Reginald Ellison,mmitchell@example.org,2022-05-12,2024-06-23
4807,Kristin Bell,robinsonjessica@example.net,2023-01-14,2024-07-19
7161,Kevin Hernandez,isaiah45@example.net,2022-06-14,2024-02-18
5442,Shannon Williams,holmesmitchell@example.org,2022-04-17,2024-03-24
9794,David Lee,marshallbrandon@example.com,2022-01-13,2025-05-28
9864,Rebecca Johnson,crystal15@example.org,2023-06-04,2025-04-02
7571,Sarah Hernandez,rollinsrichard@example.com,2022-05-28,2023-11-06
9540,Bryan Reyes,garyholmes@example.org,2022-02-17,2025-08-09
1564,Brenda Lopez MD,ohernandez@example.org,2023-05-23,2024-07-07
7092,Amanda Rodgers,gina34@example.org,2022-06-05,2024-06-12
9381,Michael Smith,hernandezlaura@example.net,2023-02-09,2025-07-07
9776,Janice Harris,beckerrenee@example.net,2023-07-16,2024-08-08
3463,Matthew Davis,xmahoney@example.org,2022-01-02,2024-07-16
1342,Jennifer Little,petersondaniel@example.com,2023-08-22,2023-10-01
5552,Shannon Johnson,ericajohnson@example.org,2022-10-22,2025-01-19
4988,Angela Lopez,diazashley@example.com,2022-01-09,2025-05-13
1687,Tami Lang,mooreelizabeth@example.net,2022-01-03,2023-09-27
4304,Rachel Ball,gregory44@example.com,2021-11-17,2025-03-09
3147,Judy Park,stephenbarr@example.net,2023-09-18,2025-02-27
2287,Sarah Wright,antoniobradshaw@example.net,2021-10-16,2024-09-27
9311,Julie Wade,hkelly@example.net,2023-04-29,2025-03-08
2959,Michelle Chapman,mclaughlinsteven@example.net,2022-02-04,2024-12-03
8315,Emily Clark,gregorymckinney@example.net,2023-05-10,2025-06-17
6487,Mark White,hpayne@example.net,2023-08-17,2025-03-30
6067,Thomas Cunningham,spotts@example.net,2023-04-06,2024-05-27
9039,Mark Nash,vaughnadrian@example.org,2022-07-18,2023-11-05
7885,Justin Harper,asims@example.com,2022-12-27,2025-02-14
8768,Jennifer Richardson,cmoran@example.net,2023-05-13,2024-10-16
4417,Michael Burke,samuel84@example.net,2022-11-13,2024-02-01
1623,Andrea Bauer,csmith@example.net,2021-11-09,2025-07-26
5148,Brenda Mays,weavererin@example.com,2021-10-01,2024-08-10
7253,Paul Andrade,hallamy@example.org,2023-07-29,2024-07-23
4699,Justin Campos,rmunoz@example.org,2022-05-30,2024-12-02
6035,Gavin Petty,nguyenbrian@example.com,2023-07-20,2024-12-08
7552,Alicia Nguyen,meganpatterson@example.com,2022-11-10,2025-07-11
8095,Elizabeth Snyder,mphillips@example.net,2022-09-22,2025-04-10
4099,Justin Orr,jgraves@example.net,2022-11-04,2024-11-04
2888,Cheryl Stevens DDS,gonzalezsteven@example.org,2021-12-07,2023-12-06
1702,Thomas Wilson,pgamble@example.org,2022-03-26,2025-02-24
2941,Lisa Dillon,cynthia54@example.org,2021-12-26,2024-07-19
8927,Carolyn Thompson,olsenheather@example.net,2022-04-02,2024-02-14
1112,Jay Cabrera,cmccormick@example.net,2023-03-02,2024-07-03
7794,Chelsea Martinez,josephpena@example.net,2022-06-27,2023-10-26
4133,Dwayne Guzman,jenniferchambers@example.com,2022-05-25,2025-08-06
6331,Victoria Lopez,jennawallace@example.com,2023-02-17,2024-02-03
8383,Jennifer Byrd,hilltammy@example.com,2023-08-27,2024-08-30
9271,Ann Williams,cwhite@example.com,2022-07-01,2024-06-27
2704,Eric Hill,cdowns@example.net,2023-04-21,2023-12-27
7082,Troy Rivas,tammywilkins@example.org,2022-06-27,2025-06-28
2134,Jessica Barnes,fwalters@example.net,2023-01-09,2025-04-26
2456,Luke Ruiz,harrisonluis@example.com,2023-05-05,2025-01-25
1933,Riley Jones,mclaughlinnathan@example.org,2021-12-07,2023-10-12
6497,Mrs. Wendy Evans,vegabruce@example.com,2022-05-13,2025-03-09
5084,Christopher Ashley,mgreene@example.net,2022-02-08,2024-11-20
1334,Stephanie Henderson,collinseric@example.com,2023-02-09,2025-08-06
3246,Joan Brown,mark96@example.org,2022-01-02,2024-09-06
6735,Andrea Hebert,russellmelissa@example.org,2023-02-03,2024-07-06
7529,Matthew Rivera,lindaanderson@example.com,2022-05-16,2024-11-07
4003,Tina Thompson,bleon@example.com,2022-09-20,2023-11-07
5391,April Miller,michael55@example.net,2023-02-14,2025-04-15
3481,Vincent Rodriguez,carrie38@example.com,2022-04-27,2024-08-04
4871,Justin Robertson,tmatthews@example.net,2022-10-08,2024-02-25
1176,Jeffrey Small,lauramedina@example.net,2022-01-10,2025-07-07
8684,Jacob Saunders,dukekathleen@example.com,2021-12-02,2024-05-29
7429,Gordon Douglas,wstevens@example.com,2022-11-12,2023-11-10
1428,Shawna Ramos,susanfarley@example.org,2022-04-30,2025-07-01
6773,Heather Lyons,angeladennis@example.com,2021-12-25,2023-09-24
3578,Robert Jones,april16@example.org,2022-04-25,2025-09-16
1289,Joel Roberts MD,mariolara@example.net,2023-04-25,2025-01-26
9783,Dana Jennings,msnow@example.org,2021-11-10,2025-06-25
4065,Mark Martinez,jjames@example.org,2021-10-19,2023-10-29
7597,Sandra Griffin,jonathan12@example.com,2023-04-18,2025-04-13
8997,Spencer Campbell,james69@example.org,2023-05-17,2025-05-08
1477,Bob Peck,charles95@example.com,2023-08-03,2025-07-02
7284,Karina Robinson,lynnramirez@example.com,2022-07-17,2024-01-06
5615,George Taylor,charlescarter@example.com,2023-08-18,2023-12-18
3307,Devin Daniels,sandra48@example.org,2023-03-08,2024-01-18
1884,Andrea Ramos,ashleywilliams@example.net,2022-04-12,2025-08-28
1713,Alexis Sparks,joseph98@example.com,2022-05-11,2024-08-26
7070,Steven Hensley,bryantamy@example.com,2023-08-28,2025-05-23
8598,Laurie Rogers,erica70@example.net,2023-03-03,2025-09-01
2965,Christopher Brewer,heather81@example.org,2023-08-08,2024-02-17
6391,Gregory Mack,rallen@example.com,2021-09-29,2024-02-08
5939,David Smith,melissamiller@example.net,2022-11-03,2024-03-15
8481,Sabrina Shepherd,alexanderdesiree@example.org,2022-09-11,2024-02-10
4661,John Kennedy,jwhite@example.org,2021-11-11,2024-07-26
7711,Isaac Lindsey,schmidtsandra@example.com,2023-01-20,2024-08-21
4863,Elizabeth Romero,spham@example.net,2021-11-30,2025-08-27
6228,Dawn Johnson,robert26@example.com,2023-03-17,2023-09-23
8016,Randall Harris,nicholascole@example.net,2022-02-28,2025-03-06
4188,James Taylor,cbauer@example.org,2022-12-21,2024-08-14
4018,Jose Sims,johnny76@example.net,2021-10-24,2024-03-15
1744,Kevin Wallace,stephanie48@example.org,2022-12-05,2025-03-14
6268,Stephanie Mcdonald,igarcia@example.com,2021-10-02,2023-12-03
6314,Jack Salinas,belldanielle@example.org,2022-11-07,2024-04-24
1482,Brenda Greene,dawn51@example.com,2022-09-05,2024-11-19
2356,Zachary Carey,pamelamason@example.com,2023-01-04,2024-10-17
6756,Joseph Edwards,frazierrobert@example.com,2021-09-18,2024-04-02
7085,Lisa Taylor,gonzalezkelly@example.net,2022-03-11,2023-11-19
4122,Aaron Henderson,longjudy@example.net,2023-02-08,2024-01-04
6153,Steven Tran,qmartinez@example.org,2023-08-16,2025-01-24
2373,Mary Beard,whiteryan@example.com,2023-09-06,2024-07-21
8732,Melinda Turner,ryanmann@example.net,2023-06-30,2024-08-04
2226,Shannon Jackson,timothystewart@example.org,2022-04-30,2023-10-01
4161,Shannon Jenkins,caitlyn81@example.org,2023-07-28,2024-12-02
6911,John Anderson,xhoffman@example.com,2023-09-14,2023-10-18
1486,Carla Gray,careymichael@example.com,2023-01-09,2025-05-20
3471,Shawn Miller,dpitts@example.org,2022-05-30,2025-01-10
1435,Kyle Romero,dianabolton@example.org,2022-08-28,2025-09-01
9621,Donna Lawrence,josephallen@example.org,2023-02-08,2024-03-14
6003,Brian Mays,eric20@example.org,2022-12-29,2023-11-01
8781,Linda Hampton,james99@example.net,2021-10-06,2024-10-14
4152,Scott Taylor,lisalong@example.org,2022-02-20,2025-01-14
8092,Peter Diaz,adam29@example.net,2022-01-11,2024-08-27
8914,Daniel Hart,danielwilson@example.org,2023-08-05,2024-05-13
8047,Matthew Rodriguez,jacobpowell@example.org,2023-01-04,2024-08-01
5959,Amanda Johnson,wshannon@example.com,2022-12-12,2024-09-30
2928,Dr. Corey Harris,denisecowan@example.net,2021-11-30,2025-05-09
7242,Rebecca Collier,austinsilva@example.com,2022-03-22,2023-10-07
2117,Chelsea Gibson,timothy40@example.net,2022-06-19,2024-12-21
1746,Dylan Gilbert,ojordan@example.net,2022-07-11,2024-07-04
7844,James Haynes,ronald62@example.com,2023-07-17,2023-10-16
7240,Shawn Barton,shahwilliam@example.net,2023-07-31,2025-04-29
7640,Charles Lewis,sallen@example.net,2022-07-27,2024-11-24
4004,Jordan Jones,robertgallagher@example.org,2022-08-26,2023-11-14
4935,Kyle Atkins,rodriguezandrea@example.com,2023-02-28,2024-09-22
1604,Nicole Fernandez,parkerreese@example.net,2023-04-10,2023-12-21
9097,Christopher Leblanc,christopheralexander@example.net,2023-09-12,2024-06-16
8723,Kim Robinson,patrickmarks@example.com,2022-06-14,2025-09-13
9644,Mary Prince DDS,fieldscarl@example.com,2021-12-12,2025-09-17
7280,Beth Price,storres@example.com,2022-06-28,2024-11-06
